step,vehicle_total_stopped,vehicle_total_waiting_time,vehicle_average_waiting_time,pedestrian_total_stopped,pedestrian_total_waiting_time,pedestrian_average_waiting_time
5,1,0.0,0.0,0,0,0
10,0,0.0,0,1,0.0,0.0
15,0,0.0,0,1,0.0,0.0
20,0,0.0,0,2,0.0,0.0
25,1,0.0,0.0,0,0,0
30,0,0.0,0,0,0,0
35,1,4.0,4.0,0,0,0
40,0,0.0,0,1,2.0,2.0
45,1,1.0,1.0,0,0,0
50,0,0.0,0,1,0.0,0.0
55,1,3.0,3.0,2,1.0,0.5
60,1,3.0,3.0,1,6.0,6.0
65,1,0.0,0.0,0,0,0
70,1,3.0,3.0,1,0.0,0.0
75,0,0.0,0,0,0,0
80,1,3.0,3.0,0,0,0
85,2,8.0,4.0,1,0.0,0.0
90,0,0.0,0,2,1.0,0.5
95,1,5.0,5.0,2,0.0,0.0
100,1,0.0,0.0,4,1.0,0.25
105,2,2.0,1.0,2,6.0,3.0
110,0,0.0,0,0,0,0
115,0,0.0,0,4,0.0,0.0
120,0,0.0,0,0,0,0
125,2,4.0,2.0,2,0.0,0.0
130,0,0.0,0,1,0.0,0.0
135,0,0.0,0,2,0.0,0.0
140,0,0.0,0,3,0.0,0.0
145,2,2.0,1.0,1,0.0,0.0
150,0,0.0,0,1,0.0,0.0
155,1,1.0,1.0,1,0.0,0.0
160,0,0.0,0,0,0,0
165,3,5.0,1.6666666666666667,1,0.0,0.0
170,2,13.0,6.5,2,0.0,0.0
175,3,10.0,3.3333333333333335,0,0,0
180,2,10.0,5.0,0,0,0
185,2,13.0,6.5,2,2.0,1.0
190,1,1.0,1.0,0,0,0
195,2,10.0,5.0,1,1.0,1.0
200,3,22.0,7.333333333333333,3,8.0,2.6666666666666665
205,2,14.0,7.0,2,18.0,9.0
210,2,6.0,3.0,3,0.0,0.0
215,1,1.0,1.0,5,3.0,0.6
220,2,9.0,4.5,3,9.0,3.0
225,1,0.0,0.0,1,0.0,0.0
230,1,4.0,4.0,4,0.0,0.0
235,0,0.0,0,1,0.0,0.0
240,1,4.0,4.0,3,6.0,2.0
245,1,0.0,0.0,2,8.0,4.0
250,1,1.0,1.0,6,18.0,3.0
255,1,3.0,3.0,0,0,0
260,2,7.0,3.5,4,1.0,0.25
265,2,2.0,1.0,2,7.0,3.5
270,1,7.0,7.0,1,6.0,6.0
275,2,4.0,2.0,2,11.0,5.5
280,2,10.0,5.0,1,16.0,16.0
285,1,0.0,0.0,1,0.0,0.0
290,1,4.0,4.0,2,0.0,0.0
295,0,0.0,0,0,0,0
300,2,5.0,2.5,2,0.0,0.0
305,2,7.0,3.5,1,2.0,2.0
310,0,0.0,0,1,0.0,0.0
315,0,0.0,0,1,0.0,0.0
320,1,2.0,2.0,0,0,0
325,2,1.0,0.5,2,0.0,0.0
330,0,0.0,0,2,4.0,2.0
335,2,3.0,1.5,5,9.0,1.8
340,0,0.0,0,3,0.0,0.0
345,1,0.0,0.0,3,0.0,0.0
350,1,5.0,5.0,1,1.0,1.0
355,3,10.0,3.3333333333333335,1,6.0,6.0
360,0,0.0,0,1,0.0,0.0
365,2,4.0,2.0,2,2.0,1.0
370,1,4.0,4.0,1,3.0,3.0
375,1,1.0,1.0,3,9.0,3.0
380,0,0.0,0,1,6.0,6.0
385,2,1.0,0.5,5,11.0,2.2
390,1,1.0,1.0,4,4.0,1.0
395,2,6.0,3.0,1,0.0,0.0
400,0,0.0,0,3,0.0,0.0
405,2,4.0,2.0,1,0.0,0.0
410,1,5.0,5.0,0,0,0
415,0,0.0,0,1,1.0,1.0
420,1,3.0,3.0,2,0.0,0.0
425,1,0.0,0.0,2,1.0,0.5
430,0,0.0,0,4,6.0,1.5
435,1,5.0,5.0,3,17.0,5.666666666666667
440,2,4.0,2.0,1,6.0,6.0
445,3,14.0,4.666666666666667,4,11.0,2.75
450,0,0.0,0,0,0,0
455,1,5.0,5.0,3,0.0,0.0
460,0,0.0,0,2,0.0,0.0
465,2,5.0,2.5,5,6.0,1.2
470,0,0.0,0,3,16.0,5.333333333333333
475,1,2.0,2.0,7,28.0,4.0
480,2,4.0,2.0,4,29.0,7.25
485,2,8.0,4.0,8,47.0,5.875
490,1,1.0,1.0,6,55.0,9.166666666666666
495,1,2.0,2.0,6,72.0,12.0
500,0,0.0,0,1,1.0,1.0
505,2,3.0,1.5,7,4.0,0.5714285714285714
510,0,0.0,0,4,13.0,3.25
515,3,9.0,3.0,5,30.0,6.0
520,1,2.0,2.0,3,32.0,10.666666666666666
525,1,7.0,7.0,2,0.0,0.0
530,1,5.0,5.0,4,0.0,0.0
535,1,5.0,5.0,2,4.0,2.0
540,0,0.0,0,0,0,0
545,2,2.0,1.0,2,0.0,0.0
550,0,0.0,0,4,2.0,0.5
555,1,1.0,1.0,6,12.0,2.0
560,1,2.0,2.0,2,19.0,9.5
565,0,0.0,0,5,12.0,2.4
570,1,1.0,1.0,2,21.0,10.5
575,0,0.0,0,2,10.0,5.0
580,1,2.0,2.0,3,6.0,2.0
585,3,9.0,3.0,2,0.0,0.0
590,2,9.0,4.5,5,0.0,0.0
595,2,11.0,5.5,2,5.0,2.5
600,0,0.0,0,0,0,0
605,3,8.0,2.6666666666666665,2,0.0,0.0
610,1,2.0,2.0,0,0,0
615,2,3.0,1.5,1,1.0,1.0
620,2,7.0,3.5,1,6.0,6.0
625,2,1.0,0.5,1,1.0,1.0
630,1,6.0,6.0,6,4.0,0.6666666666666666
635,1,1.0,1.0,2,0.0,0.0
640,2,10.0,5.0,4,0.0,0.0
645,3,13.0,4.333333333333333,1,0.0,0.0
650,1,4.0,4.0,0,0,0
655,1,1.0,1.0,0,0,0
660,1,6.0,6.0,1,0.0,0.0
665,2,4.0,2.0,1,0.0,0.0
670,0,0.0,0,1,0.0,0.0
675,0,0.0,0,2,0.0,0.0
680,0,0.0,0,4,5.0,1.25
685,1,0.0,0.0,2,0.0,0.0
690,1,5.0,5.0,4,3.0,0.75
695,0,0.0,0,3,0.0,0.0
700,0,0.0,0,3,2.0,0.6666666666666666
705,1,0.0,0.0,1,0.0,0.0
710,1,4.0,4.0,3,1.0,0.3333333333333333
715,0,0.0,0,6,8.0,1.3333333333333333
720,0,0.0,0,4,21.0,5.25
725,1,0.0,0.0,4,28.0,7.0
730,0,0.0,0,2,19.0,9.5
735,1,4.0,4.0,6,25.0,4.166666666666667
740,1,2.0,2.0,2,8.0,4.0
745,2,2.0,1.0,3,7.0,2.3333333333333335
750,2,5.0,2.5,2,0.0,0.0
755,1,6.0,6.0,3,0.0,0.0
760,0,0.0,0,3,2.0,0.6666666666666666
765,1,0.0,0.0,3,9.0,3.0
770,0,0.0,0,5,19.0,3.8
775,1,1.0,1.0,2,18.0,9.0
780,1,4.0,4.0,3,6.0,2.0
785,1,0.0,0.0,1,0.0,0.0
790,3,10.0,3.3333333333333335,2,0.0,0.0
795,3,14.0,4.666666666666667,2,0.0,0.0
800,1,10.0,10.0,5,5.0,1.0
805,1,0.0,0.0,3,5.0,1.6666666666666667
810,0,0.0,0,4,2.0,0.5
815,0,0.0,0,3,7.0,2.3333333333333335
820,0,0.0,0,2,0.0,0.0
825,1,0.0,0.0,4,3.0,0.75
830,0,0.0,0,3,13.0,4.333333333333333
835,0,0.0,0,2,0.0,0.0
840,0,0.0,0,2,0.0,0.0
845,3,7.0,2.3333333333333335,4,0.0,0.0
850,1,1.0,1.0,1,0.0,0.0
855,3,9.0,3.0,2,0.0,0.0
860,1,1.0,1.0,0,0,0
865,2,1.0,0.5,1,0.0,0.0
870,1,1.0,1.0,0,0,0
875,1,1.0,1.0,0,0,0
880,1,6.0,6.0,1,0.0,0.0
885,3,16.0,5.333333333333333,1,0.0,0.0
890,0,0.0,0,1,0.0,0.0
895,0,0.0,0,0,0,0
900,1,2.0,2.0,1,0.0,0.0
905,1,0.0,0.0,0,0,0
910,3,7.0,2.3333333333333335,4,1.0,0.25
915,1,1.0,1.0,2,3.0,1.5
920,2,10.0,5.0,3,12.0,4.0
925,2,11.0,5.5,2,0.0,0.0
930,0,0.0,0,2,0.0,0.0
935,2,8.0,4.0,2,0.0,0.0
940,2,18.0,9.0,0,0,0
945,1,0.0,0.0,0,0,0
950,0,0.0,0,1,0.0,0.0
955,0,0.0,0,1,0.0,0.0
960,0,0.0,0,2,3.0,1.5
965,3,7.0,2.3333333333333335,1,0.0,0.0
970,2,2.0,1.0,4,1.0,0.25
975,1,6.0,6.0,3,6.0,2.0
980,0,0.0,0,1,5.0,5.0
985,1,0.0,0.0,3,2.0,0.6666666666666666
990,2,9.0,4.5,3,7.0,2.3333333333333335
995,1,3.0,3.0,1,0.0,0.0
1000,1,8.0,8.0,2,0.0,0.0
1005,2,1.0,0.5,3,0.0,0.0
1010,1,6.0,6.0,1,1.0,1.0
1015,1,1.0,1.0,2,0.0,0.0
1020,1,6.0,6.0,4,0.0,0.0
1025,1,0.0,0.0,3,0.0,0.0
1030,0,0.0,0,5,1.0,0.2
1035,1,5.0,5.0,1,1.0,1.0
1040,0,0.0,0,5,4.0,0.8
1045,2,2.0,1.0,2,8.0,4.0
1050,2,4.0,2.0,2,0.0,0.0
1055,0,0.0,0,4,0.0,0.0
1060,2,4.0,2.0,2,0.0,0.0
1065,0,0.0,0,1,0.0,0.0
1070,1,5.0,5.0,3,0.0,0.0
1075,0,0.0,0,2,2.0,1.0
1080,2,6.0,3.0,3,3.0,1.0
1085,1,0.0,0.0,1,0.0,0.0
1090,1,4.0,4.0,2,0.0,0.0
1095,1,1.0,1.0,0,0,0
1100,0,0.0,0,2,0.0,0.0
1105,2,4.0,2.0,0,0,0
1110,2,1.0,0.5,2,0.0,0.0
1115,3,14.0,4.666666666666667,2,0.0,0.0
1120,0,0.0,0,2,2.0,1.0
1125,2,4.0,2.0,2,0.0,0.0
1130,2,5.0,2.5,3,0.0,0.0
1135,1,6.0,6.0,5,5.0,1.0
1140,0,0.0,0,3,10.0,3.3333333333333335
1145,1,0.0,0.0,3,2.0,0.6666666666666666
1150,1,4.0,4.0,3,7.0,2.3333333333333335
1155,1,1.0,1.0,2,0.0,0.0
1160,0,0.0,0,2,0.0,0.0
1165,2,1.0,0.5,3,0.0,0.0
1170,1,3.0,3.0,2,0.0,0.0
1175,4,20.0,5.0,3,0.0,0.0
1180,2,19.0,9.5,5,10.0,2.0
1185,1,0.0,0.0,0,0,0
1190,2,4.0,2.0,4,0.0,0.0
1195,0,0.0,0,1,3.0,3.0
1200,2,7.0,3.5,0,0,0
1205,1,0.0,0.0,2,0.0,0.0
1210,0,0.0,0,4,6.0,1.5
1215,3,10.0,3.3333333333333335,3,6.0,2.0
1220,1,1.0,1.0,3,11.0,3.6666666666666665
1225,3,2.0,0.6666666666666666,3,2.0,0.6666666666666666
1230,1,6.0,6.0,4,12.0,3.0
1235,1,2.0,2.0,3,24.0,8.0
1240,0,0.0,0,3,0.0,0.0
1245,3,5.0,1.6666666666666667,4,1.0,0.25
1250,0,0.0,0,4,7.0,1.75
1255,1,4.0,4.0,3,12.0,4.0
1260,1,3.0,3.0,3,0.0,0.0
1265,6,21.0,3.5,3,0.0,0.0
1270,2,10.0,5.0,3,7.0,2.3333333333333335
1275,2,10.0,5.0,1,0.0,0.0
1280,1,2.0,2.0,2,0.0,0.0
1285,2,3.0,1.5,0,0,0
1290,0,0.0,0,2,0.0,0.0
1295,0,0.0,0,0,0,0
1300,0,0.0,0,3,1.0,0.3333333333333333
1305,4,6.0,1.5,2,0.0,0.0
1310,3,21.0,7.0,4,1.0,0.25
1315,4,41.0,10.25,3,7.0,2.3333333333333335
1320,0,0.0,0,2,1.0,0.5
1325,2,3.0,1.5,3,3.0,1.0
1330,0,0.0,0,2,0.0,0.0
1335,2,4.0,2.0,3,3.0,1.0
1340,2,8.0,4.0,2,3.0,1.5
1345,3,5.0,1.6666666666666667,3,8.0,2.6666666666666665
1350,0,0.0,0,3,14.0,4.666666666666667
1355,2,5.0,2.5,4,26.0,6.5
1360,0,0.0,0,2,23.0,11.5
1365,2,4.0,2.0,4,28.0,7.0
1370,1,2.0,2.0,1,0.0,0.0
1375,5,20.0,4.0,3,3.0,1.0
1380,0,0.0,0,3,3.0,1.0
1385,1,0.0,0.0,1,0.0,0.0
1390,2,6.0,3.0,2,0.0,0.0
1395,1,10.0,10.0,0,0,0
1400,0,0.0,0,1,0.0,0.0
1405,2,4.0,2.0,2,0.0,0.0
1410,0,0.0,0,0,0,0
1415,2,9.0,4.5,0,0,0
1420,2,12.0,6.0,1,0.0,0.0
1425,2,5.0,2.5,2,0.0,0.0
1430,2,14.0,7.0,1,0.0,0.0
1435,0,0.0,0,1,1.0,1.0
1440,2,8.0,4.0,3,9.0,3.0
1445,1,0.0,0.0,5,8.0,1.6
1450,2,7.0,3.5,6,16.0,2.6666666666666665
1455,1,5.0,5.0,3,10.0,3.3333333333333335
1460,1,3.0,3.0,2,1.0,0.5
1465,2,3.0,1.5,4,6.0,1.5
1470,0,0.0,0,3,0.0,0.0
1475,0,0.0,0,4,6.0,1.5
1480,1,5.0,5.0,4,16.0,4.0
1485,3,6.0,2.0,2,14.0,7.0
1490,1,6.0,6.0,3,3.0,1.0
1495,2,5.0,2.5,2,8.0,4.0
1500,0,0.0,0,1,0.0,0.0
1505,1,0.0,0.0,2,0.0,0.0
1510,0,0.0,0,3,4.0,1.3333333333333333
1515,0,0.0,0,1,0.0,0.0
1520,0,0.0,0,2,0.0,0.0
1525,1,0.0,0.0,1,0.0,0.0
1530,0,0.0,0,2,0.0,0.0
1535,2,5.0,2.5,2,6.0,3.0
1540,0,0.0,0,2,0.0,0.0
1545,2,5.0,2.5,3,0.0,0.0
1550,1,2.0,2.0,2,1.0,0.5
1555,2,8.0,4.0,6,4.0,0.6666666666666666
1560,1,1.0,1.0,2,5.0,2.5
1565,1,0.0,0.0,2,0.0,0.0
1570,1,1.0,1.0,3,0.0,0.0
1575,2,7.0,3.5,2,5.0,2.5
1580,3,13.0,4.333333333333333,2,0.0,0.0
1585,1,0.0,0.0,3,0.0,0.0
1590,1,4.0,4.0,3,0.0,0.0
1595,1,5.0,5.0,4,5.0,1.25
1600,2,8.0,4.0,2,8.0,4.0
1605,1,0.0,0.0,4,7.0,1.75
1610,0,0.0,0,4,0.0,0.0
1615,2,2.0,1.0,3,0.0,0.0
1620,2,7.0,3.5,3,0.0,0.0
1625,3,5.0,1.6666666666666667,1,0.0,0.0
1630,1,7.0,7.0,3,0.0,0.0
1635,1,1.0,1.0,1,0.0,0.0
1640,0,0.0,0,3,1.0,0.3333333333333333
1645,0,0.0,0,1,2.0,2.0
1650,1,4.0,4.0,4,7.0,1.75
1655,1,5.0,5.0,2,0.0,0.0
1660,1,1.0,1.0,4,5.0,1.25
1665,2,3.0,1.5,2,6.0,3.0
1670,0,0.0,0,2,5.0,2.5
1675,3,11.0,3.6666666666666665,1,0.0,0.0
1680,0,0.0,0,1,0.0,0.0
1685,2,1.0,0.5,0,0,0
1690,0,0.0,0,3,0.0,0.0
1695,1,2.0,2.0,2,3.0,1.5
1700,1,7.0,7.0,4,8.0,2.0
1705,1,0.0,0.0,5,3.0,0.6
1710,1,2.0,2.0,1,0.0,0.0
1715,1,7.0,7.0,4,0.0,0.0
1720,0,0.0,0,2,0.0,0.0
1725,3,4.0,1.3333333333333333,0,0,0
1730,0,0.0,0,3,1.0,0.3333333333333333
1735,0,0.0,0,4,10.0,2.5
1740,0,0.0,0,6,29.0,4.833333333333333
1745,2,1.0,0.5,1,7.0,7.0
1750,1,1.0,1.0,4,0.0,0.0
1755,1,6.0,6.0,4,1.0,0.25
1760,0,0.0,0,2,4.0,2.0
1765,1,0.0,0.0,3,5.0,1.6666666666666667
1770,0,0.0,0,4,8.0,2.0
1775,1,5.0,5.0,3,7.0,2.3333333333333335
1780,1,2.0,2.0,3,15.0,5.0
1785,2,1.0,0.5,3,25.0,8.333333333333334
1790,0,0.0,0,3,0.0,0.0
1795,1,3.0,3.0,4,0.0,0.0
1800,0,0.0,0,2,2.0,1.0
1805,1,0.0,0.0,1,7.0,7.0
1810,0,0.0,0,1,0.0,0.0
1815,0,0.0,0,2,0.0,0.0
1820,1,3.0,3.0,3,0.0,0.0
1825,2,8.0,4.0,1,0.0,0.0
1830,0,0.0,0,1,0.0,0.0
1835,1,4.0,4.0,0,0,0
1840,1,1.0,1.0,1,0.0,0.0
1845,2,6.0,3.0,0,0,0
1850,0,0.0,0,0,0,0
1855,1,1.0,1.0,2,1.0,0.5
1860,0,0.0,0,3,0.0,0.0
1865,3,7.0,2.3333333333333335,6,5.0,0.8333333333333334
1870,3,18.0,6.0,5,15.0,3.0
1875,3,8.0,2.6666666666666665,1,2.0,2.0
1880,0,0.0,0,5,0.0,0.0
1885,1,0.0,0.0,2,0.0,0.0
1890,1,1.0,1.0,1,0.0,0.0
1895,1,3.0,3.0,0,0,0
1900,0,0.0,0,3,0.0,0.0
1905,2,5.0,2.5,1,0.0,0.0
1910,0,0.0,0,2,0.0,0.0
1915,0,0.0,0,0,0,0
1920,1,2.0,2.0,1,0.0,0.0
1925,3,5.0,1.6666666666666667,1,0.0,0.0
1930,0,0.0,0,0,0,0
1935,1,3.0,3.0,2,1.0,0.5
1940,0,0.0,0,2,1.0,0.5
1945,1,0.0,0.0,3,6.0,2.0
1950,1,1.0,1.0,2,0.0,0.0
1955,0,0.0,0,1,0.0,0.0
1960,3,9.0,3.0,5,0.0,0.0
1965,1,0.0,0.0,4,4.0,1.0
1970,1,3.0,3.0,4,16.0,4.0
1975,1,2.0,2.0,5,31.0,6.2
1980,1,4.0,4.0,2,12.0,6.0
1985,2,8.0,4.0,3,17.0,5.666666666666667
1990,0,0.0,0,3,22.0,7.333333333333333
1995,1,5.0,5.0,2,28.0,14.0
2000,0,0.0,0,1,0.0,0.0
2005,1,0.0,0.0,1,0.0,0.0
2010,0,0.0,0,3,0.0,0.0
2015,1,4.0,4.0,2,2.0,1.0
2020,0,0.0,0,2,7.0,3.5
2025,2,3.0,1.5,2,12.0,6.0
2030,0,0.0,0,2,0.0,0.0
2035,2,7.0,3.5,3,1.0,0.3333333333333333
2040,2,10.0,5.0,1,3.0,3.0
2045,3,10.0,3.3333333333333335,2,8.0,4.0
2050,0,0.0,0,1,0.0,0.0
2055,2,4.0,2.0,4,2.0,0.5
2060,0,0.0,0,4,2.0,0.5
2065,3,6.0,2.0,5,11.0,2.2
2070,1,4.0,4.0,2,1.0,0.5
2075,2,13.0,6.5,7,5.0,0.7142857142857143
2080,1,9.0,9.0,1,0.0,0.0
2085,4,6.0,1.5,2,2.0,1.0
2090,1,7.0,7.0,2,1.0,0.5
2095,1,5.0,5.0,3,7.0,2.3333333333333335
2100,3,7.0,2.3333333333333335,5,3.0,0.6
2105,4,19.0,4.75,1,8.0,8.0
2110,0,0.0,0,1,0.0,0.0
2115,0,0.0,0,2,0.0,0.0
2120,1,3.0,3.0,1,0.0,0.0
2125,2,3.0,1.5,4,4.0,1.0
2130,1,8.0,8.0,2,12.0,6.0
2135,0,0.0,0,3,0.0,0.0
2140,1,4.0,4.0,2,0.0,0.0
2145,1,0.0,0.0,2,2.0,1.0
2150,0,0.0,0,0,0,0
2155,1,2.0,2.0,2,1.0,0.5
2160,0,0.0,0,1,0.0,0.0
2165,3,8.0,2.6666666666666665,2,0.0,0.0
2170,0,0.0,0,1,1.0,1.0
2175,2,7.0,3.5,4,6.0,1.5
2180,0,0.0,0,3,6.0,2.0
2185,1,0.0,0.0,4,20.0,5.0
2190,1,4.0,4.0,3,24.0,8.0
2195,1,1.0,1.0,2,0.0,0.0
2200,2,10.0,5.0,3,0.0,0.0
2205,3,2.0,0.6666666666666666,1,0.0,0.0
2210,2,12.0,6.0,1,0.0,0.0
2215,3,8.0,2.6666666666666665,2,0.0,0.0
2220,2,14.0,7.0,1,0.0,0.0
2225,1,0.0,0.0,2,0.0,0.0
2230,1,1.0,1.0,0,0,0
2235,0,0.0,0,3,0.0,0.0
2240,0,0.0,0,1,1.0,1.0
2245,1,0.0,0.0,1,6.0,6.0
2250,1,5.0,5.0,1,11.0,11.0
2255,1,4.0,4.0,2,0.0,0.0
2260,1,9.0,9.0,0,0,0
2265,1,0.0,0.0,3,5.0,1.6666666666666667
2270,1,5.0,5.0,1,6.0,6.0
2275,0,0.0,0,3,0.0,0.0
2280,1,5.0,5.0,2,0.0,0.0
2285,1,0.0,0.0,3,0.0,0.0
2290,0,0.0,0,3,5.0,1.6666666666666667
2295,0,0.0,0,4,9.0,2.25
2300,1,2.0,2.0,5,23.0,4.6
2305,2,1.0,0.5,3,13.0,4.333333333333333
2310,0,0.0,0,3,0.0,0.0
2315,0,0.0,0,4,0.0,0.0
2320,0,0.0,0,0,0,0
2325,2,1.0,0.5,2,0.0,0.0
2330,2,11.0,5.5,2,8.0,4.0
2335,1,4.0,4.0,1,1.0,1.0
2340,2,11.0,5.5,4,6.0,1.5
2345,1,0.0,0.0,1,11.0,11.0
2350,2,5.0,2.5,2,0.0,0.0
2355,2,15.0,7.5,6,0.0,0.0
2360,1,14.0,14.0,1,5.0,5.0
2365,3,21.0,7.0,4,10.0,2.5
2370,0,0.0,0,2,0.0,0.0
2375,2,6.0,3.0,2,0.0,0.0
2380,1,2.0,2.0,2,0.0,0.0
2385,3,10.0,3.3333333333333335,3,7.0,2.3333333333333335
2390,0,0.0,0,2,0.0,0.0
2395,2,7.0,3.5,3,2.0,0.6666666666666666
2400,2,5.0,2.5,2,0.0,0.0
2405,4,19.0,4.75,2,0.0,0.0
2410,1,2.0,2.0,3,0.0,0.0
2415,2,9.0,4.5,1,0.0,0.0
2420,1,4.0,4.0,1,0.0,0.0
2425,2,9.0,4.5,1,0.0,0.0
2430,0,0.0,0,0,0,0
2435,1,3.0,3.0,2,0.0,0.0
2440,0,0.0,0,5,1.0,0.2
2445,3,3.0,1.0,3,6.0,2.0
2450,1,4.0,4.0,5,5.0,1.0
2455,2,10.0,5.0,2,3.0,1.5
2460,0,0.0,0,3,8.0,2.6666666666666665
2465,3,7.0,2.3333333333333335,1,0.0,0.0
2470,5,25.0,5.0,2,0.0,0.0
2475,2,18.0,9.0,0,0,0
2480,2,20.0,10.0,2,0.0,0.0
2485,1,0.0,0.0,3,7.0,2.3333333333333335
2490,0,0.0,0,5,9.0,1.8
2495,1,3.0,3.0,5,19.0,3.8
2500,0,0.0,0,4,34.0,8.5
2505,1,0.0,0.0,2,0.0,0.0
2510,1,5.0,5.0,3,2.0,0.6666666666666666
2515,0,0.0,0,1,7.0,7.0
2520,2,4.0,2.0,3,12.0,4.0
2525,1,0.0,0.0,3,3.0,1.0
2530,2,6.0,3.0,6,13.0,2.1666666666666665
2535,0,0.0,0,2,11.0,5.5
2540,1,2.0,2.0,7,0.0,0.0
2545,2,2.0,1.0,3,4.0,1.3333333333333333
2550,3,11.0,3.6666666666666665,4,11.0,2.75
2555,2,19.0,9.5,3,14.0,4.666666666666667
2560,2,13.0,6.5,2,11.0,5.5
2565,2,6.0,3.0,3,16.0,5.333333333333333
2570,2,14.0,7.0,1,0.0,0.0
2575,1,8.0,8.0,3,3.0,1.0
2580,1,5.0,5.0,3,0.0,0.0
2585,1,0.0,0.0,3,7.0,2.3333333333333335
2590,0,0.0,0,2,17.0,8.5
2595,0,0.0,0,2,15.0,7.5
2600,0,0.0,0,3,20.0,6.666666666666667
2605,1,0.0,0.0,5,30.0,6.0
2610,1,2.0,2.0,1,10.0,10.0
2615,0,0.0,0,1,0.0,0.0
2620,1,3.0,3.0,2,0.0,0.0
2625,1,0.0,0.0,1,0.0,0.0
2630,1,1.0,1.0,2,0.0,0.0
2635,0,0.0,0,2,0.0,0.0
2640,0,0.0,0,1,0.0,0.0
2645,2,5.0,2.5,0,0,0
2650,1,2.0,2.0,2,0.0,0.0
2655,2,12.0,6.0,2,2.0,1.0
2660,0,0.0,0,3,0.0,0.0
2665,3,8.0,2.6666666666666665,1,0.0,0.0
2670,0,0.0,0,2,0.0,0.0
2675,1,1.0,1.0,4,3.0,0.75
2680,0,0.0,0,5,16.0,3.2
2685,2,4.0,2.0,5,31.0,6.2
2690,1,1.0,1.0,2,2.0,1.0
2695,3,6.0,2.0,4,4.0,1.0
2700,1,7.0,7.0,1,2.0,2.0
2705,3,5.0,1.6666666666666667,2,7.0,3.5
2710,2,13.0,6.5,1,1.0,1.0
2715,2,10.0,5.0,3,1.0,0.3333333333333333
2720,1,2.0,2.0,3,4.0,1.3333333333333333
2725,1,0.0,0.0,1,0.0,0.0
2730,1,2.0,2.0,3,0.0,0.0
2735,0,0.0,0,3,1.0,0.3333333333333333
2740,0,0.0,0,3,6.0,2.0
2745,2,3.0,1.5,3,3.0,1.0
2750,1,8.0,8.0,4,5.0,1.25
2755,2,15.0,7.5,2,9.0,4.5
2760,1,3.0,3.0,3,2.0,0.6666666666666666
2765,3,13.0,4.333333333333333,3,9.0,3.0
2770,0,0.0,0,1,0.0,0.0
2775,1,2.0,2.0,6,3.0,0.5
2780,0,0.0,0,1,3.0,3.0
2785,2,4.0,2.0,3,9.0,3.0
2790,0,0.0,0,3,14.0,4.666666666666667
2795,1,2.0,2.0,3,0.0,0.0
2800,0,0.0,0,4,1.0,0.25
2805,2,4.0,2.0,4,8.0,2.0
2810,2,3.0,1.5,4,18.0,4.5
2815,0,0.0,0,2,14.0,7.0
2820,0,0.0,0,4,0.0,0.0
2825,3,8.0,2.6666666666666665,2,1.0,0.5
2830,1,2.0,2.0,4,2.0,0.5
2835,2,8.0,4.0,2,2.0,1.0
2840,1,8.0,8.0,3,0.0,0.0
2845,5,25.0,5.0,4,0.0,0.0
2850,1,5.0,5.0,1,1.0,1.0
2855,1,5.0,5.0,2,6.0,3.0
2860,1,3.0,3.0,3,2.0,0.6666666666666666
2865,2,2.0,1.0,4,11.0,2.75
2870,1,5.0,5.0,4,21.0,5.25
2875,1,3.0,3.0,3,0.0,0.0
2880,0,0.0,0,1,0.0,0.0
2885,1,0.0,0.0,1,0.0,0.0
2890,3,7.0,2.3333333333333335,1,0.0,0.0
2895,1,1.0,1.0,1,0.0,0.0
2900,1,2.0,2.0,2,0.0,0.0
2905,1,0.0,0.0,1,4.0,4.0
2910,2,6.0,3.0,1,9.0,9.0
2915,2,12.0,6.0,2,14.0,7.0
2920,1,15.0,15.0,4,20.0,5.0
2925,3,6.0,2.0,2,6.0,3.0
2930,0,0.0,0,4,2.0,0.5
2935,1,3.0,3.0,2,2.0,1.0
2940,1,1.0,1.0,5,3.0,0.6
2945,2,6.0,3.0,0,0,0
2950,0,0.0,0,2,0.0,0.0
2955,2,8.0,4.0,3,3.0,1.0
2960,0,0.0,0,2,1.0,0.5
2965,3,7.0,2.3333333333333335,3,8.0,2.6666666666666665
2970,1,1.0,1.0,3,18.0,6.0
2975,1,6.0,6.0,1,0.0,0.0
2980,2,8.0,4.0,3,0.0,0.0
2985,1,0.0,0.0,2,0.0,0.0
2990,0,0.0,0,3,1.0,0.3333333333333333
2995,3,6.0,2.0,1,0.0,0.0
3000,0,0.0,0,2,0.0,0.0
3005,1,0.0,0.0,2,0.0,0.0
3010,1,5.0,5.0,2,4.0,2.0
3015,0,0.0,0,2,0.0,0.0
3020,0,0.0,0,5,0.0,0.0
3025,1,0.0,0.0,2,0.0,0.0
3030,1,2.0,2.0,3,5.0,1.6666666666666667
3035,1,1.0,1.0,0,0,0
3040,0,0.0,0,2,0.0,0.0
3045,1,0.0,0.0,2,5.0,2.5
3050,0,0.0,0,0,0,0
3055,0,0.0,0,2,0.0,0.0
3060,1,4.0,4.0,3,0.0,0.0
3065,2,4.0,2.0,1,0.0,0.0
3070,0,0.0,0,1,0.0,0.0
3075,0,0.0,0,1,4.0,4.0
3080,0,0.0,0,0,0,0
3085,3,12.0,4.0,1,0.0,0.0
3090,0,0.0,0,2,0.0,0.0
3095,0,0.0,0,4,3.0,0.75
3100,1,1.0,1.0,3,10.0,3.3333333333333335
3105,3,11.0,3.6666666666666665,7,11.0,1.5714285714285714
3110,2,6.0,3.0,1,0.0,0.0
3115,1,5.0,5.0,5,0.0,0.0
3120,1,4.0,4.0,1,0.0,0.0
3125,3,12.0,4.0,0,0,0
3130,1,1.0,1.0,0,0,0
3135,1,6.0,6.0,1,0.0,0.0
3140,0,0.0,0,1,4.0,4.0
3145,2,5.0,2.5,2,0.0,0.0
3150,0,0.0,0,3,5.0,1.6666666666666667
3155,2,4.0,2.0,2,0.0,0.0
3160,1,7.0,7.0,2,0.0,0.0
3165,1,0.0,0.0,1,0.0,0.0
3170,1,4.0,4.0,0,0,0
3175,1,2.0,2.0,4,1.0,0.25
3180,1,5.0,5.0,2,0.0,0.0
3185,2,4.0,2.0,3,0.0,0.0
3190,0,0.0,0,0,0,0
3195,0,0.0,0,2,0.0,0.0
3200,0,0.0,0,1,1.0,1.0
3205,1,0.0,0.0,4,6.0,1.5
3210,0,0.0,0,1,0.0,0.0
3215,1,5.0,5.0,3,0.0,0.0
3220,0,0.0,0,2,0.0,0.0
3225,1,0.0,0.0,0,0,0
3230,0,0.0,0,4,2.0,0.5
3235,0,0.0,0,1,0.0,0.0
3240,0,0.0,0,1,0.0,0.0
3245,3,5.0,1.6666666666666667,2,0.0,0.0
3250,0,0.0,0,2,0.0,0.0
3255,0,0.0,0,2,1.0,0.5
3260,1,4.0,4.0,0,0,0
3265,3,14.0,4.666666666666667,3,0.0,0.0
3270,2,14.0,7.0,0,0,0
3275,1,2.0,2.0,1,0.0,0.0
3280,2,3.0,1.5,3,0.0,0.0
3285,1,0.0,0.0,3,5.0,1.6666666666666667
3290,1,1.0,1.0,1,0.0,0.0
3295,2,7.0,3.5,4,0.0,0.0
3300,2,7.0,3.5,0,0,0
3305,2,3.0,1.5,2,0.0,0.0
3310,0,0.0,0,3,5.0,1.6666666666666667
3315,0,0.0,0,3,0.0,0.0
3320,0,0.0,0,5,0.0,0.0
3325,3,6.0,2.0,2,4.0,2.0
3330,0,0.0,0,3,0.0,0.0
3335,1,3.0,3.0,4,5.0,1.25
3340,1,5.0,5.0,2,6.0,3.0
3345,2,4.0,2.0,4,11.0,2.75
3350,1,5.0,5.0,1,3.0,3.0
3355,1,2.0,2.0,6,0.0,0.0
3360,3,11.0,3.6666666666666665,2,0.0,0.0
3365,3,5.0,1.6666666666666667,1,0.0,0.0
3370,3,20.0,6.666666666666667,2,0.0,0.0
3375,0,0.0,0,2,2.0,1.0
3380,1,4.0,4.0,3,7.0,2.3333333333333335
3385,2,2.0,1.0,2,0.0,0.0
3390,1,7.0,7.0,3,2.0,0.6666666666666666
3395,1,5.0,5.0,1,3.0,3.0
3400,2,15.0,7.5,4,1.0,0.25
3405,1,0.0,0.0,3,7.0,2.3333333333333335
3410,1,5.0,5.0,1,0.0,0.0
3415,2,5.0,2.5,2,1.0,0.5
3420,1,4.0,4.0,1,0.0,0.0
3425,1,0.0,0.0,1,0.0,0.0
3430,1,5.0,5.0,1,0.0,0.0
3435,1,2.0,2.0,0,0,0
3440,0,0.0,0,1,0.0,0.0
3445,2,5.0,2.5,1,1.0,1.0
3450,0,0.0,0,2,0.0,0.0
3455,0,0.0,0,4,0.0,0.0
3460,1,4.0,4.0,3,2.0,0.6666666666666666
3465,1,0.0,0.0,6,7.0,1.1666666666666667
3470,0,0.0,0,4,17.0,4.25
3475,0,0.0,0,4,3.0,0.75
3480,2,7.0,3.5,5,6.0,1.2
3485,1,0.0,0.0,2,0.0,0.0
3490,0,0.0,0,2,0.0,0.0
3495,0,0.0,0,3,0.0,0.0
3500,1,5.0,5.0,2,5.0,2.5
3505,3,11.0,3.6666666666666665,1,0.0,0.0
3510,2,3.0,1.5,4,0.0,0.0
3515,2,9.0,4.5,3,0.0,0.0
3520,1,5.0,5.0,2,4.0,2.0
3525,3,2.0,0.6666666666666666,1,0.0,0.0
3530,2,7.0,3.5,3,1.0,0.3333333333333333
3535,1,6.0,6.0,3,1.0,0.3333333333333333
3540,0,0.0,0,2,6.0,3.0
3545,1,0.0,0.0,3,1.0,0.3333333333333333
3550,1,1.0,1.0,3,0.0,0.0
3555,2,3.0,1.5,3,5.0,1.6666666666666667
3560,2,9.0,4.5,2,0.0,0.0
3565,2,3.0,1.5,3,0.0,0.0
3570,0,0.0,0,1,4.0,4.0
3575,1,5.0,5.0,5,10.0,2.0
3580,0,0.0,0,3,5.0,1.6666666666666667
3585,2,3.0,1.5,2,0.0,0.0
3590,1,1.0,1.0,4,0.0,0.0
3595,0,0.0,0,3,5.0,1.6666666666666667
3600,0,0.0,0,0,0,0
